ruleID,ruleName, groupID, groupName,expression,New Audiencing Rules,,
smartportal_RULE_GENERIC_ALL_PARTNERS, RULE_GENERIC_ALL_PARTNERS, smartportal_GENERIC_ALL_PARTNERS, GENERIC_ALL_PARTNERS, Status = 1,N/A,,"abc
efg"
smartportal_RULE_GENERIC_FRANCE_PARTNERS, RULE_GENERIC_FRANCE_PARTNERS, smartportal_GENERIC_FRANCE_PARTNERS, GENERIC_FRANCE_PARTNERS, CountryCode = FR,N/A; only for contents in special Repository,,
smartportal_RULE_GENERIC_INTERNAL_USERS, RULE_GENERIC_INTERNAL_USERS, smartportal_GENERIC_INTERNAL_USERS, GENERIC_INTERNAL_USERS, HPInternalUser = T,N/A; How to identify internal users? ,,
smartportal_RULE_GENERIC_NETHERLANDS_PARTNERS, RULE_GENERIC_NETHERLANDS_PARTNERS, smartportal_GENERIC_NETHERLANDS_PARTNERS, GENERIC_NETHERLANDS_PARTNERS, CountryCode = NL,N/A; only for contents in special Repository,,
smartportal_RULE_GENERIC_NORWAY_PARTNERS, RULE_GENERIC_NORWAY_PARTNERS, smartportal_GENERIC_NORWAY_PARTNERS, GENERIC_NORWAY_PARTNERS, CountryCode = NO,N/A; only for contents in special Repository,,
smartportal_RULE_GENERIC_PARTNER_PORTAL_ADMINISTRATOR, RULE_GENERIC_PARTNER_PORTAL_ADMINISTRATOR, smartportal_GENERIC_PARTNER_PORTAL_ADMINISTRATOR, GENERIC_PARTNER_PORTAL_ADMINISTRATOR, IsPartnerAdmin = T,N/A: only for PPA,,
smartportal_RULE_GENERIC_PURCHASING_DIRECT, RULE_GENERIC_PURCHASING_DIRECT, smartportal_GENERIC_PURCHASING_DIRECT, GENERIC_PURCHASING_DIRECT, Tier = 1,N/A: How to identify T1 & T2 partnerse? ,,
smartportal_RULE_GENERIC_SWEDEN_PARTNERS, RULE_GENERIC_SWEDEN_PARTNERS, smartportal_GENERIC_SWEDEN_PARTNERS, GENERIC_SWEDEN_PARTNERS, CountryCode = SE,N/A; only for contents in Sweden Repository,,
smartportal_RULE_LOCAL_TEST_PREVIEW, RULE_LOCAL_TEST_PREVIEW, smartportal_LOCAL_TEST_PREVIEW, LOCAL_TEST_PREVIEW, UserRights = LOCAL_TEST_PREVIEW,N/A: how to identify test users? ,,
smartportal_RULE_LOCAL_TEST_TOP_VALUE, RULE_LOCAL_TEST_TOP_VALUE, smartportal_LOCAL_TEST_TOP_VALUE, LOCAL_TEST_TOP_VALUE, UserRights = LOCAL_TEST_TOP_VALUE,N/A,,
smartportal_RULE_PROFILE_BID_GUIDE_SWEDEN, RULE_PROFILE_BID_GUIDE_SWEDEN, smartportal_PROFILE_BID_GUIDE_SWEDEN, PROFILE_BID_GUIDE_SWEDEN, Programs = 88-Bidguiden,Special program code; need further discussion,,
smartportal_RULE_PROFILE_CSN_ASP, RULE_PROFILE_CSN_ASP, smartportal_PROFILE_CSN_ASP, PROFILE_CSN_ASP, Accreditations = EU-2004-ASP,,,
smartportal_RULE_PROFILE_DBL_PRICEFILE, RULE_PROFILE_DBL_PRICEFILE, smartportal_PROFILE_DBL_PRICEFILE, PROFILE_DBL_PRICEFILE, Programs = EU-zz33-L059,Special program code; need further discussion,,
smartportal_RULE_PROFILE_DEAL_SELECT_PORTUGAL, RULE_PROFILE_DEAL_SELECT_PORTUGAL, smartportal_PROFILE_DEAL_SELECT_PORTUGAL, PROFILE_DEAL_SELECT_PORTUGAL, Programs = L3-LMKT-DEAL,Special program code; need further discussion,,
smartportal_RULE_PROFILE_DEAL_SELECT_SPAIN, RULE_PROFILE_DEAL_SELECT_SPAIN, smartportal_PROFILE_DEAL_SELECT_SPAIN, PROFILE_DEAL_SELECT_SPAIN, Programs = L3-LMKT-DEAL,Special program code; need further discussion,,
smartportal_RULE_PROFILE_EASY_SALES, RULE_PROFILE_EASY_SALES, smartportal_PROFILE_EASY_SALES, PROFILE_EASY_SALES, Programs = EU-01pp-N784,Special program code; need further discussion,,
smartportal_RULE_PROFILE_EU_SPZ_SER_ABSP, RULE_PROFILE_EU_SPZ_SER_ABSP, smartportal_PROFILE_EU_SPZ_SER_ABSP, PROFILE_EU_SPZ_SER_ABSP, Accreditations = EU-01pp-Q560,,,
smartportal_RULE_PROFILE_EU_SPZ_SER_ASDP, RULE_PROFILE_EU_SPZ_SER_ASDP, smartportal_PROFILE_EU_SPZ_SER_ASDP, PROFILE_EU_SPZ_SER_ASDP, Accreditations = EU-01pp-Q559,,,
smartportal_RULE_PROFILE_MS_FLP, RULE_PROFILE_MS_FLP, smartportal_PROFILE_MS_FLP, PROFILE_MS_FLP, Programs = EU-01pp-Q899,Special program code; need further discussion,,
smartportal_RULE_PROFILE_ORDER_STATUS, RULE_PROFILE_ORDER_STATUS, smartportal_PROFILE_ORDER_STATUS, PROFILE_ORDER_STATUS, Tier = 1,N/A: How to identify T1 & T2 partnerse? ,,
smartportal_RULE_PROFILE_PACE_ONLINE, RULE_PROFILE_PACE_ONLINE, smartportal_PROFILE_PACE_ONLINE, PROFILE_PACE_ONLINE, Programs = 83-PACE-PONL,Special program code; need further discussion,,
smartportal_RULE_PROFILE_PREFERRED_PARTNER_GOLD, RULE_PROFILE_PREFERRED_PARTNER_GOLD, smartportal_PROFILE_PREFERRED_PARTNER_GOLD, PROFILE_PREFERRED_PARTNER_GOLD, Programs = EU-01pp-O142,Special program code; need further discussion,,
smartportal_RULE_PROFILE_PREFERRED_PARTNER, RULE_PROFILE_PREFERRED_PARTNER, smartportal_PROFILE_PREFERRED_PARTNER, PROFILE_PREFERRED_PARTNER, Programs = EU-01pp-O233,Special program code; need further discussion,,
smartportal_RULE_PROFILE_SMARTQUOTE_INTERNAL_USER, RULE_PROFILE_SMARTQUOTE_INTERNAL_USER, smartportal_PROFILE_SMARTQUOTE_INTERNAL_USER, PROFILE_SMARTQUOTE_INTERNAL_USER, UserRights = LOCAL_SECURITY_SMARTQUOTE_INTERNAL_USER,N/A: User Rights,,
smartportal_RULE_PROFILE_SMART_LEAD, RULE_PROFILE_SMART_LEAD, smartportal_PROFILE_SMART_LEAD, PROFILE_SMART_LEAD, ResponsibilityNames = HP Partner Portal LM User,"What does ""Responsibility Names"" mean? ",,
smartportal_RULE_PROFILE_SUPPLIES_MDF_TRACKER, RULE_PROFILE_SUPPLIES_MDF_TRACKER, smartportal_PROFILE_SUPPLIES_MDF_TRACKER, PROFILE_SUPPLIES_MDF_TRACKER, Programs = EU-SUPP-L026,Special program code; need further discussion,,
smartportal_RULE_PROFILE_SURVEYOR, RULE_PROFILE_SURVEYOR, smartportal_PROFILE_SURVEYOR, PROFILE_SURVEYOR, Programs = EU-zz05-c025,Special program code; need further discussion,,
smartportal_RULE_PROFILE_TOPCONFIG, RULE_PROFILE_TOPCONFIG, smartportal_PROFILE_TOPCONFIG, PROFILE_TOPCONFIG, Programs = EU-01pp-Q842,Special program code; need further discussion,,
smartportal_RULE_PROFILE_TOP_VALUE_PILOT, RULE_PROFILE_TOP_VALUE_PILOT, smartportal_PROFILE_TOP_VALUE_PILOT, PROFILE_TOP_VALUE_PILOT, PartnerProId = 1-1WB-25,"What does ""partnerProID"" mean?",,
smartportal_RULE_testDelete1, RULE_testDelete1, smartportal_testDelete1, testDelete1, CountryCode = FR,N/A; only for contents in special Repository,,
smartportal_RULE_Test_Questionnaire, RULE_Test_Questionnaire, smartportal_Test_Questionnaire, Test_Questionnaire, Programs = Test-PQ-FY09,Special program code; need further discussion,,
smartportal_RULE_LOCAL_PREVIEW_CPMS, RULE_LOCAL_PREVIEW_CPMS, smartportal_LOCAL_PREVIEW_CPMS, LOCAL_PREVIEW_CPMS, UserRights = LOCAL_PREVIEW_CPMS,N/A: User Rights,,
smartportal_RULE_PTNR_EDUCATION_TC_RENEWAL_REQUIRED_EMEA, RULE_PTNR_EDUCATION_TC_RENEWAL_REQUIRED_EMEA, smartportal_PTNR_EDUCATION_TC_RENEWAL_REQUIRED_EMEA, PTNR_EDUCATION_TC_RENEWAL_REQUIRED_EMEA, UserRights = PARTNER_EDUCATION_TC_RENEWAL_REQUIRED,N/A: User Rights,,
smartportal_RULE_PROFILE_SPECIALIZATION_COMPUTING_SYSTEMS, RULE_PROFILE_SPECIALIZATION_COMPUTING_SYSTEMS, smartportal_PROFILE_SPECIALIZATION_COMPUTING_SYSTEMS, PROFILE_SPECIALIZATION_COMPUTING_SYSTEMS, Accreditations = EU-01pp-Q562,Specialization,,
smartportal_RULE_PROFILE_SPECIALIZATION_HIGH_PERFORMANCE_COMPUTING, RULE_PROFILE_SPECIALIZATION_HIGH_PERFORMANCE_COMPUTING, smartportal_PROFILE_SPECIALIZATION_HIGH_PERFORMANCE_COMPUTING, PROFILE_SPECIALIZATION_HIGH_PERFORMANCE_COMPUTING, Accreditations = EU-01pp-Q561,Specialization,,
smartportal_RULE_PROFILE_SPECIALIZATION_DATACENTRE_SOLUTIONS, RULE_PROFILE_SPECIALIZATION_DATACENTRE_SOLUTIONS, smartportal_PROFILE_SPECIALIZATION_DATACENTRE_SOLUTIONS, PROFILE_SPECIALIZATION_DATACENTRE_SOLUTIONS, Accreditations = EU-01pp-Q563,Specialization,,
smartportal_RULE_PROFILE_SPECIALIZATION_STORAGEWORKS_SOLUTIONS, RULE_PROFILE_SPECIALIZATION_STORAGEWORKS_SOLUTIONS, smartportal_PROFILE_SPECIALIZATION_STORAGEWORKS_SOLUTIONS, PROFILE_SPECIALIZATION_STORAGEWORKS_SOLUTIONS, Accreditations = EU-01pp-Q558,Specialization,,
smartportal_RULE_PROFILE_SPECIALIZATION_VIRTUALISATION, RULE_PROFILE_SPECIALIZATION_VIRTUALISATION, smartportal_PROFILE_SPECIALIZATION_VIRTUALISATION, PROFILE_SPECIALIZATION_VIRTUALISATION, Accreditations = EU-01pp-Q574,Specialization,,
smartportal_RULE_PROFILE_SPECIALIZATION_WORKSTATIONS, RULE_PROFILE_SPECIALIZATION_WORKSTATIONS, smartportal_PROFILE_SPECIALIZATION_WORKSTATIONS, PROFILE_SPECIALIZATION_WORKSTATIONS, Accreditations = EU-01pp-Q571,Specialization,,
smartportal_RULE_PROFILE_SPECIALIZATION_SERVICE_SALES_SPECIALIST, RULE_PROFILE_SPECIALIZATION_SERVICE_SALES_SPECIALIST, smartportal_PROFILE_SPECIALIZATION_SERVICE_SALES_SPECIALIST, PROFILE_SPECIALIZATION_SERVICE_SALES_SPECIALIST, Accreditations = EU-PPP-Q998,Specialization,,
smartportal_RULE_PROFILE_SPECIALIZATION_PROFESSIONAL_SERVICES_PARTNER, RULE_PROFILE_SPECIALIZATION_PROFESSIONAL_SERVICES_PARTNER, smartportal_PROFILE_SPECIALIZATION_PROFESSIONAL_SERVICES_PARTNER, PROFILE_SPECIALIZATION_PROFESSIONAL_SERVICES_PARTNER, Accreditations = EU-01pp-Q560,Specialization,,
smartportal_RULE_PROFILE_SPECIALIZATION_AUTHORISED_SERVICE_PARTNER, RULE_PROFILE_SPECIALIZATION_AUTHORISED_SERVICE_PARTNER, smartportal_PROFILE_SPECIALIZATION_AUTHORISED_SERVICE_PARTNER, PROFILE_SPECIALIZATION_AUTHORISED_SERVICE_PARTNER, Accreditations = EU-01pp-Q559,Specialization,,
smartportal_RULE_PROFILE_SPECIALIZATION_OFFICE_PRINTING, RULE_PROFILE_SPECIALIZATION_OFFICE_PRINTING, smartportal_PROFILE_SPECIALIZATION_OFFICE_PRINTING, PROFILE_SPECIALIZATION_OFFICE_PRINTING, Accreditations = EU-PPP-Q567,Specialization,,
smartportal_RULE_PROFILE_SPECIALIZATION_OFFICE_PRINTING_SOLUTIONS, RULE_PROFILE_SPECIALIZATION_OFFICE_PRINTING_SOLUTIONS, smartportal_PROFILE_SPECIALIZATION_OFFICE_PRINTING_SOLUTIONS, PROFILE_SPECIALIZATION_OFFICE_PRINTING_SOLUTIONS, Accreditations = EU-01pp-Q566,Specialization,,
smartportal_RULE_PROFILE_SPECIALIZATION_LARGE_FORMAT_PRINTING, RULE_PROFILE_SPECIALIZATION_LARGE_FORMAT_PRINTING, smartportal_PROFILE_SPECIALIZATION_LARGE_FORMAT_PRINTING, PROFILE_SPECIALIZATION_LARGE_FORMAT_PRINTING, Accreditations = EU-01pp-Q565,Specialization,,
smartportal_RULE_PROFILE_SALESBUILDER, RULE_PROFILE_SALESBUILDER, smartportal_PROFILE_SALESBUILDER, PROFILE_SALESBUILDER, Programs = EU-zz05-L029,Special program code; need further discussion,,
smartportal_RULE_PROFILE_SUBSCRIPTION_NEWSLETTER_DISTRIBUTOR, RULE_PROFILE_SUBSCRIPTION_NEWSLETTER_DISTRIBUTOR, smartportal_PROFILE_SUBSCRIPTION_NEWSLETTER_DISTRIBUTOR, PROFILE_SUBSCRIPTION_NEWSLETTER_DISTRIBUTOR, Programs = EU-01pp-P318,Special program code; need further discussion,,
smartportal_RULE_GENERIC_UK_PARTNERS, RULE_GENERIC_UK_PARTNERS, smartportal_GENERIC_UK_PARTNERS, GENERIC_UK_PARTNERS, CountryCode = GB,N/A; only for contents in special Repository,,
smartportal_RULE_PROFILE_EPREFERRED, RULE_PROFILE_EPREFERRED, smartportal_PROFILE_EPREFERRED, PROFILE_EPREFERRED, Accreditations = EU-01pp-Q567,Specialization,,
smartportal_RULE_PROFILE_IPG_GROWTH_PERFORMANCE_BONUS_REPORT, RULE_PROFILE_IPG_GROWTH_PERFORMANCE_BONUS_REPORT, smartportal_PROFILE_IPG_GROWTH_PERFORMANCE_BONUS_REPORT, PROFILE_IPG_GROWTH_PERFORMANCE_BONUS_REPORT, Programs = EU-01pp-Q933,Special program code; need further discussion,,
smartportal_RULE_PROFILE_SUPPLIES_WHOLESALER, RULE_PROFILE_SUPPLIES_WHOLESALER, smartportal_PROFILE_SUPPLIES_WHOLESALER, PROFILE_SUPPLIES_WHOLESALER, PartnerSubTypes = Supplies Wholesaler,Partner Type,,
smartportal_RULE_PROFILE_IPG_STRATEGIC_FINAL_TIER_SCORECARD, RULE_PROFILE_IPG_STRATEGIC_FINAL_TIER_SCORECARD, smartportal_PROFILE_IPG_STRATEGIC_FINAL_TIER_SCORECARD, PROFILE_IPG_STRATEGIC_FINAL_TIER_SCORECARD, Programs = EU-01pp-Q931,Special program code; need further discussion,,
smartportal_RULE_PROFILE_US_USERS, RULE_PROFILE_US_USERS, smartportal_PROFILE_US_USERS, PROFILE_US_USERS, CountryCode = US,N/A; only for contents in special Repository,,
smartportal_RULE_PROFILE_UK_USERS, RULE_PROFILE_UK_USERS, smartportal_PROFILE_UK_USERS, PROFILE_UK_USERS, CountryCode = GB,N/A; only for contents in special Repository,,
smartportal_RULE_PROFILE_SCOPE_PROGRAM, RULE_PROFILE_SCOPE_PROGRAM, smartportal_PROFILE_SCOPE_PROGRAM, PROFILE_SCOPE_PROGRAM, Programs = EU-01pp-Q894,Special program code; need further discussion,,
smartportal_RULE_PROFILE_HP_CHAMP_3P, RULE_PROFILE_HP_CHAMP_3P, smartportal_PROFILE_HP_CHAMP_3P, PROFILE_HP_CHAMP_3P, HPRole = HP Champion,HP Role,,
smartportal_RULE_PROFILE_TERMS_AND_CONDITIONS_ALERT, RULE_PROFILE_TERMS_AND_CONDITIONS_ALERT, smartportal_PROFILE_TERMS_AND_CONDITIONS_ALERT, PROFILE_TERMS_AND_CONDITIONS_ALERT, Programs = EU-01pp-O960,Special program code; need further discussion,,
smartportal_RULE_PROFILE_TEST_ONLY_ERIK_CHANG, RULE_PROFILE_TEST_ONLY_ERIK_CHANG, smartportal_PROFILE_TEST_ONLY_ERIK_CHANG, PROFILE_TEST_ONLY_ERIK_CHANG, Email = erik.chang@hp.com,,,
smartportal_RULE_NO_SEARCH, RULE_NO_SEARCH, smartportal_NO_SEARCH, NO_SEARCH, PartnerTypes = Learning Partner,Partner Type - Learning Partner? ,,
smartportal_RULE_BP, RULE_BP, smartportal_BP, BP, Campaigns = 1-770563174,Campaigns,,
smartportal_RULE_TEST_PROGRAM_STARTEND, RULE_TEST_PROGRAM_STARTEND, smartportal_TEST_PROGRAM_STARTEND, TEST_PROGRAM_STARTEND, Programs = G_TEST_MM,Special program code; need further discussion,,
smartportal_RULE_TEST_ACCREDITATION_STARTEND, RULE_TEST_ACCREDITATION_STARTEND, smartportal_TEST_ACCREDITATION_STARTEND, TEST_ACCREDITATION_STARTEND, Accreditations = G_TEST_MM_Accreditation,Specialization,,
smartportal_RULE_PROFILE_SERVICE_ONE_SPECIALIST, RULE_PROFILE_SERVICE_ONE_SPECIALIST, smartportal_PROFILE_SERVICE_ONE_SPECIALIST, PROFILE_SERVICE_ONE_SPECIALIST, Accreditations = G_S1_SPC,Specialization,,
smartportal_RULE_PROFILE_SERVICE_ONE_EXPERT, RULE_PROFILE_SERVICE_ONE_EXPERT, smartportal_PROFILE_SERVICE_ONE_EXPERT, PROFILE_SERVICE_ONE_EXPERT, Accreditations = G_S1_EXP,Specialization,,
smartportal_PROFILE_IPG_SCRP, RULE_PROFILE_IPG_SCRP, smartportal_PROFILE_IPG_SCRP, PROFILE_IPG_SCRP, Programs = EU-01pp-Q917,Special program code; need further discussion,,
smartportal_MIHAI_TEST, RULE_MIHAI_TEST, smartportal_MIHAI_TEST, MIHAI_TEST, PartnerNameHQ = ZZ DUMMY HP PARTNER,N/A,,
smartportal_RULE_RULE_MIHAI, RULE_MIHAI, smartportal_RULE_MIHAI, RULE_MIHAI, Email = ilas.mihai@hp.com,N/A,,
smartportal_RULE_OEM_DISTRIBUTOR_EMEA, RULE_OEM_DISTRIBUTOR_EMEA, smartportal_OEM_DISTRIBUTOR_EMEA, OEM_DISTRIBUTOR_EMEA, Programs = G_OEM_ODP,OEM Distributor,,
smartportal_RULE_OEM_TIER1_EMEA, RULE_OEM_TIER1_EMEA, smartportal_OEM_TIER1_EMEA, OEM_TIER1_EMEA, Programs = G_OEM_OEM_T1,OEM TIER 1,,
smartportal_RULE_OEM_TIER2_EMEA, RULE_OEM_TIER2_EMEA, smartportal_OEM_TIER2_EMEA, OEM_TIER2_EMEA, Programs = G_OEM_OEM_T2,OEM TIER 2,,
smartportal_RULE_PROFILE_IPG_DISTRIBUTION, RULE_PROFILE_IPG_DISTRIBUTION, smartportal_PROFILE_IPG_DISTRIBUTION, PROFILE_IPG_DISTRIBUTION, Programs = EU-01pp-Q845,Special program code; need further discussion,,
smartportal_RULE_PROFILE_IPG_DISTRIBUTION_HOMEPAGE, RULE_PROFILE_IPG_DISTRIBUTION_HOMEPAGE, smartportal_PROFILE_IPG_DISTRIBUTION_HOMEPAGE, PROFILE_IPG_DISTRIBUTION_HOMEPAGE, Programs = EU-01pp-Q845,Special program code; need further discussion,,
smartportal_RULE_PROFILE_MDF_ACCESS, RULE_PROFILE_MDF_ACCESS, smartportal_PROFILE_MDF_ACCESS, PROFILE_MDF_ACCESS, Email = sbso@nyjec.com,What does this mean?,,
smartportal_RULE_PROFILE_ORACLE, RULE_PROFILE_ORACLE, smartportal_PROFILE_ORACLE, PROFILE_ORACLE, Programs = G_BLOCK_ORACLE,Is this still needed?,,
TESTUG3, TESTUG3, TESTUG3, TESTUG3, Programs = EU-01pp-Q824,Special program code; need further discussion,,
smartportal_RULE_PROFILE_PARTSONE, RULE_PROFILE_PARTSONE, smartportal_PROFILE_PARTSONE, PROFILE_PARTSONE, Programs = EU-01pp-R187,Special program code; need further discussion,,
smartportal_RULE_G_HP_PartnerONE_Leads_Access, RULE_G_HP_PartnerONE_Leads_Access, smartportal_G_HP_PartnerONE_Leads_Access, G_HP_PartnerONE_Leads_Access, UserRights = G_SPT_PCLM_Prospect,User Rights,,
smartportal_RULE_G_HP_Deal_Registration_Program_EMEA, RULE_G_HP_Deal_Registration_Program_EMEA, smartportal_G_HP_Deal_Registration_Program_EMEA, G_HP_Deal_Registration_Program_EMEA, Programs = G_SPT_Deal_Registration_Enrolled,Special program code; need further discussion,,
smartportal_RULE_G_HP_Deal_Reg_Program_Enrolled_EMEA, RULE_G_HP_Deal_Reg_Program_Enrolled_EMEA, smartportal_G_HP_Deal_Reg_Program_Enrolled_EMEA, G_HP_Deal_Reg_Program_Enrolled_EMEA, UserRights = G_SPT_Deal_Registration_Access,Special program code; need further discussion,,
smartportal_RULE_SBSO_TESTING, RULE_SBSO_TESTING, smartportal_SBSO_TESTING, SBSO_TESTING, PartnerProId = 1-CSBCET,,,
smartportal_RULE_WW_BU_PPS, RULE_WW_BU_PPS, smartportal_WW_BU_PPS, WW_BU_PPS, Programs = EU-GPP-INT,Business Groups,,
smartportal_RULE_WW_BU_ESSN, RULE_WW_BU_ESSN, smartportal_WW_BU_ESSN, WW_BU_ESSN, Programs = EU-GPP-INT,Business Groups,,
smartportal_RULE_WW_BU_ISS, RULE_WW_BU_ISS, smartportal_WW_BU_ISS, WW_BU_ISS, Programs = EU-GPP-INT,Business Groups,,
smartportal_RULE_WW_BU_ES, RULE_WW_BU_ES, smartportal_WW_BU_ES, WW_BU_ES, Programs = EU-GPP-INT,Business Groups,,
smartportal_RULE_WW_BU_TS, RULE_WW_BU_TS, smartportal_WW_BU_TS, WW_BU_TS, Programs = EU-GPP-INT,Business Groups,,
smartportal_RULE_GENERIC_EXCLUDE_ALL_COMPETITORS, RULE_GENERIC_EXCLUDE_ALL_COMPETITORS, smartportal_GENERIC_EXCLUDE_ALL_COMPETITORS, GENERIC_EXCLUDE_ALL_COMPETITORS, Programs = EU-zz28-m102 &  Programs = EU-zz28-m103 &  Programs = EU-zz28-m104 &  Programs = EU-zz28-m105 &  Programs = EU-zz28-m106 &  Programs = EU-zz28-m122 &  Programs = EU-01pp-N098 &  Programs = EU-01pp-N099 &  CountryCode = SE ,Special program code; need further discussion,,
smartportal_RULE_GENERIC_NORWAY_PARTNERS_NO_COMPETITORS, RULE_GENERIC_NORWAY_PARTNERS_NO_COMPETITORS, smartportal_GENERIC_NORWAY_PARTNERS_NO_COMPETITORS, GENERIC_NORWAY_PARTNERS_NO_COMPETITORS, CountryCode = NO &  Programs = EU-zz28-m103 &  Programs = EU-zz28-m104 &  Programs = EU-zz28-m105 &  Programs = EU-zz28-m122 &  Programs = EU-01pp-N098 &  Programs = EU-01pp-N099 ,Special program code; need further discussion,,
smartportal_RULE_GENERIC_NOT_PARTNER_PORTAL_ADMINISTRATOR, RULE_GENERIC_NOT_PARTNER_PORTAL_ADMINISTRATOR, smartportal_GENERIC_NOT_PARTNER_PORTAL_ADMINISTRATOR, GENERIC_NOT_PARTNER_PORTAL_ADMINISTRATOR, IsPartnerAdmin = F &  PartnerTypes = Learning Partner ,Not PPA in Learning Partner,,
smartportal_RULE_GENERIC_NO_PC_COMPETITOR, RULE_GENERIC_NO_PC_COMPETITOR, smartportal_GENERIC_NO_PC_COMPETITOR, GENERIC_NO_PC_COMPETITOR, Status = 1 &  Programs = EU-Competitor PC ,"What does ""Competitor"" mean?",,
smartportal_RULE_GENERIC_NO_STORAGE_COMPETITOR, RULE_GENERIC_NO_STORAGE_COMPETITOR, smartportal_GENERIC_NO_STORAGE_COMPETITOR, GENERIC_NO_STORAGE_COMPETITOR, Status = 1 &  Programs = EU-Competitor Storage ,,,
smartportal_RULE_GENERIC_NO_SUPPLIES_COMPETITOR, RULE_GENERIC_NO_SUPPLIES_COMPETITOR, smartportal_GENERIC_NO_SUPPLIES_COMPETITOR, GENERIC_NO_SUPPLIES_COMPETITOR, Status = 1 &  Programs = EU-Competitor Supplies ,,,
smartportal_RULE_GENERIC_PURCHASING_DIRECT_PPA, RULE_GENERIC_PURCHASING_DIRECT_PPA, smartportal_GENERIC_PURCHASING_DIRECT_PPA, GENERIC_PURCHASING_DIRECT_PPA, IsPartnerAdmin = T &  Tier = 1 ,PPA in Tier 1 Partner,,
smartportal_RULE_GENERIC_UK_IRELAND_PARTNERS_PPA, RULE_GENERIC_UK_IRELAND_PARTNERS_PPA, smartportal_GENERIC_UK_IRELAND_PARTNERS_PPA, GENERIC_UK_IRELAND_PARTNERS_PPA, IsPartnerAdmin = T &  HPInternalUser = T &  CountryCode = IE &  CountryCode = GB ,PPA & HP Internal Users for UK and Ireland Partners,,
smartportal_RULE_PROFILE_3P_SEARCH, RULE_PROFILE_3P_SEARCH, smartportal_PROFILE_3P_SEARCH, PROFILE_3P_SEARCH, PartnerTypes = Learning Partner &  Status = 1 ,"What does ""Search"" and ""no search"" rule means?",,
smartportal_RULE_PROFILE_BID_GUIDE_DENMARK, RULE_PROFILE_BID_GUIDE_DENMARK, smartportal_PROFILE_BID_GUIDE_DENMARK, PROFILE_BID_GUIDE_DENMARK, CountryCode = DK &  CountryCode = IS &  Programs = EU-zz28-m103 &  Programs = EU-zz28-m104 &  Programs = EU-zz28-m105 &  Programs = EU-zz28-m122 &  Programs = EU-01pp-N098 &  Programs = EU-01pp-N099 &  Programs = 1-E4SKP ,Special program code; need further discussion,,
smartportal_RULE_PROFILE_BID_GUIDE_FINBAL, RULE_PROFILE_BID_GUIDE_FINBAL, smartportal_PROFILE_BID_GUIDE_FINBAL, PROFILE_BID_GUIDE_FINBAL, CountryCode = FI &  PartnerSubTypes = LSP ,What does LSP mean?,,
smartportal_RULE_PROFILE_BID_GUIDE_NORWAY, RULE_PROFILE_BID_GUIDE_NORWAY, smartportal_PROFILE_BID_GUIDE_NORWAY, PROFILE_BID_GUIDE_NORWAY, CountryCode = NO &  Programs = EU-zz28-m103 &  Programs = EU-zz28-m104 &  Programs = EU-zz28-m105 &  Programs = EU-zz28-m122 &  Programs = EU-01pp-N098 &  Programs = EU-01pp-N099 &  PartnerSubTypes = CDP &  PartnerSubTypes = LSP ,Special program code; need further discussion,,
smartportal_RULE_PROFILE_BUSINESS_METRICS_TOOL, RULE_PROFILE_BUSINESS_METRICS_TOOL, smartportal_PROFILE_BUSINESS_METRICS_TOOL, PROFILE_BUSINESS_METRICS_TOOL, Programs = EU-01pp-O142 &  Programs = EU-01pp-O233 &  Programs = EU-zz26-z107 &  Programs = 87-Discount &  CountryCode = CH &  CountryCode = LI ,Special program code; need further discussion,,
smartportal_RULE_PROFILE_CSP, RULE_PROFILE_CSP, smartportal_PROFILE_CSP, PROFILE_CSP, Programs = EU-SUPP-L024 &  IsPartnerAdmin = T &  UserRights = LOCAL_SECURITY_CSP ,Special program code; need further discussion,,
smartportal_RULE_PROFILE_GPC_SEARCH, RULE_PROFILE_GPC_SEARCH, smartportal_PROFILE_GPC_SEARCH, PROFILE_GPC_SEARCH, PartnerTypes = Learning Partner &  Status = 1 ,Learning Partner,,
smartportal_RULE_PROFILE_ORDER_LINK, RULE_PROFILE_ORDER_LINK, smartportal_PROFILE_ORDER_LINK, PROFILE_ORDER_LINK, Tier = 1 &  Programs = EU-zz05-L028 &  Programs = EU-2001-L018 ,Special program code; need further discussion,,
smartportal_RULE_PROFILE_PARTNER_ONE_OLD, RULE_PROFILE_PARTNER_ONE_OLD, smartportal_PROFILE_PARTNER_ONE_OLD, PROFILE_PARTNER_ONE_OLD, PrimaryChannelSegment = DIS &  PrimaryChannelSegment = VAR &  PrimaryChannelSegment = CRS &  PrimaryChannelSegment = TDL &  PrimaryChannelSegment = ISV &  PrimaryChannelSegment = SI &  PrimaryChannelSegment = EMG &  PrimaryChannelSegment = OEM &  PrimaryChannelSegment = MOCM &  PrimaryChannelSegment = ERS &  PrimaryChannelSegment = OTH &  PrimaryChannelSegment = HYB &  PrimaryChannelSegment = TBD &  Programs = EU-zz28-m103 &  Programs = EU-zz28-m104 &  Programs = EU-zz28-m105 &  Programs = EU-zz28-m122 &  Programs = EU-01pp-N098 &  Programs = EU-01pp-N099 &  Programs = EU-zz28-m102 &  Programs = EU-zz28-m106 ,Special program code; need further discussion,,
smartportal_RULE_PROFILE_PHYSICAL_ECLAIMS, RULE_PROFILE_PHYSICAL_ECLAIMS, smartportal_PROFILE_PHYSICAL_ECLAIMS, PROFILE_PHYSICAL_ECLAIMS, IsPartnerAdmin = T &  HPInternalUser = T &  UserRights = LOCAL_SECURITY_PhysicalClaims &  Tier = 1 &  Programs = EU-2001-L018 ,Special program code; need further discussion,,
smartportal_RULE_PROFILE_PRODUCT_BROWSER_PC_MONITOR_PROCURVE_SERVERS, RULE_PROFILE_PRODUCT_BROWSER_PC_MONITOR_PROCURVE_SERVERS, smartportal_PROFILE_PRODUCT_BROWSER_PC_MONITOR_PROCURVE_SERVERS, PROFILE_PRODUCT_BROWSER_PC_MONITOR_PROCURVE_SERVERS, Programs = EU-zz28-m105 &  CountryCode = SE ,Special program code; need further discussion,,
smartportal_RULE_PROFILE_PRODUCT_BROWSER_PRINTERS_AND_MULTIFUNCTION, RULE_PROFILE_PRODUCT_BROWSER_PRINTERS_AND_MULTIFUNCTION, smartportal_PROFILE_PRODUCT_BROWSER_PRINTERS_AND_MULTIFUNCTION, PROFILE_PRODUCT_BROWSER_PRINTERS_AND_MULTIFUNCTION, Programs = EU-zz28-m103 &  Programs = EU-zz28-m106 &  CountryCode = SE ,Special program code; need further discussion,,
smartportal_RULE_PROFILE_PRODUCT_BROWSER_RACK_AND_POWER, RULE_PROFILE_PRODUCT_BROWSER_RACK_AND_POWER, smartportal_PROFILE_PRODUCT_BROWSER_RACK_AND_POWER, PROFILE_PRODUCT_BROWSER_RACK_AND_POWER, Programs = EU-zz28-m104 &  Programs = EU-zz28-m105 &  CountryCode = SE ,Special program code; need further discussion,,
smartportal_RULE_PROFILE_PRODUCT_BROWSER_STORAGE, RULE_PROFILE_PRODUCT_BROWSER_STORAGE, smartportal_PROFILE_PRODUCT_BROWSER_STORAGE, PROFILE_PRODUCT_BROWSER_STORAGE, Programs = EU-zz28-m104 &  CountryCode = SE ,Special program code; need further discussion,,
smartportal_RULE_PROFILE_PRODUCT_BROWSER_SUPPLIES, RULE_PROFILE_PRODUCT_BROWSER_SUPPLIES, smartportal_PROFILE_PRODUCT_BROWSER_SUPPLIES, PROFILE_PRODUCT_BROWSER_SUPPLIES, Programs = EU-zz28-m102 &  CountryCode = SE ,Special program code; need further discussion,,
smartportal_RULE_PROFILE_PRODUCT_GUIDE, RULE_PROFILE_PRODUCT_GUIDE, smartportal_PROFILE_PRODUCT_GUIDE, PROFILE_PRODUCT_GUIDE, CountryCode = SE &  Programs = EU-zz33-L053 ,Special program code; need further discussion,,
smartportal_RULE_PROFILE_SALES_GUIDE, RULE_PROFILE_SALES_GUIDE, smartportal_PROFILE_SALES_GUIDE, PROFILE_SALES_GUIDE, CountryCode = SE &  Programs = 88-BWCO-BW ,Special program code; need further discussion,,
smartportal_RULE_PROFILE_SELLOUT_SELLOUT, RULE_PROFILE_SELLOUT_SELLOUT, smartportal_PROFILE_SELLOUT_SELLOUT, PROFILE_SELLOUT_SELLOUT, IsPartnerAdmin = T &  UserRights = LOCAL_SECURITY_Sellout &  Programs = EU-zz26-z107 ,Special program code; need further discussion,,
smartportal_RULE_PROFILE_SELLOUT_SELLTO, RULE_PROFILE_SELLOUT_SELLTO, smartportal_PROFILE_SELLOUT_SELLTO, PROFILE_SELLOUT_SELLTO, IsPartnerAdmin = T &  UserRights = LOCAL_SECURITY_Sellto &  Programs = EU-zz26-z108 ,Special program code; need further discussion,,
smartportal_RULE_PROFILE_SIMULATION, RULE_PROFILE_SIMULATION, smartportal_PROFILE_SIMULATION, PROFILE_SIMULATION, Programs = EU-GPP-INT &  UserRights = LOCAL_SECURITY_Simulation ,,,
smartportal_RULE_PROFILE_PCOMM, RULE_PROFILE_PCOMM, smartportal_PROFILE_PCOMM, PROFILE_PCOMM, Tier = 1 &  Programs = EU-PPP-SP01 &  AgreementTypes = PATSY-SR &  AgreementTypes = PATSY-LB &  AgreementTypes = PATSY-CS &  AgreementTypes = PATSY-SB &  AgreementTypes = PATSY-VR &  AgreementTypes = PATSY-TO &  AgreementTypes = PATSY-T2 &  AgreementTypes = PATSY-V2 &  AgreementTypes = PATSY-ST &  AgreementTypes = PATSY-G1 &  AgreementTypes = PATSY-G2 &  AgreementTypes = PATSY-IR &  AgreementTypes = PATSY-OM &  AgreementTypes = PATSY-O2 &  Programs = EU-SP-DEAL_BASED-B &  Programs = G_SP_Temp_Excep &  Programs = EU-SP-DEAL_BASED-A &  IsPartnerAdmin = T &  UserRights = LOCAL_SECURITY_OPG ,Special program code; need further discussion,,
smartportal_RULE_PROFILE_SMARTQUOTE, RULE_PROFILE_SMARTQUOTE, smartportal_PROFILE_SMARTQUOTE, PROFILE_SMARTQUOTE, Programs = EU-01pp-O926 &  Programs = EU-PPP-SP01 &  AgreementTypes = PATSY-SR &  AgreementTypes = PATSY-SB &  AgreementTypes = PATSY-VR &  AgreementTypes = PATSY-V2 &  Programs = EU-SP-DEAL_BASED-B &  Programs = EU-01pp-O925 &  IsPartnerAdmin = T &  UserRights = LOCAL_SECURITY_SmartQuote ,,,
smartportal_RULE_PROFILE_SMART_CHAINS, RULE_PROFILE_SMART_CHAINS, smartportal_PROFILE_SMART_CHAINS, PROFILE_SMART_CHAINS, CountryCode = DE &  PrimaryChannelSegment = DIS &  PrimaryChannelSegment = VAR &  PrimaryChannelSegment = CRS &  PrimaryChannelSegment = TDL &  PrimaryChannelSegment = ISV &  PrimaryChannelSegment = SI &  PrimaryChannelSegment = EMG &  PrimaryChannelSegment = OEM &  PrimaryChannelSegment = MOCM &  PrimaryChannelSegment = ERS &  PrimaryChannelSegment = OTH &  PrimaryChannelSegment = HYB &  PrimaryChannelSegment = TBD ,Special program code; need further discussion,,
smartportal_RULE_PROFILE_SPP_SEARCH, RULE_PROFILE_SPP_SEARCH, smartportal_PROFILE_SPP_SEARCH, PROFILE_SPP_SEARCH, PartnerTypes = Learning Partner &  Status = 1 ,,,
smartportal_RULE_SMARTPORTAL_ALLUSERS, RULE_SMARTPORTAL_ALLUSERS, smartportal_SMARTPORTAL_ALLUSERS, SMARTPORTAL_ALLUSERS, SiteIdentifier = smartportal &  PartnerTypes = Learning Partner ,Why are learning partners so important?,,
smartportal_RULE_SMARTPORTAL_ALLUSERS_EXCEPT_SWEDEN, RULE_SMARTPORTAL_ALLUSERS_EXCEPT_SWEDEN, smartportal_SMARTPORTAL_ALLUSERS_EXCEPT_SWEDEN, SMARTPORTAL_ALLUSERS_EXCEPT_SWEDEN, SiteIdentifier = smartportal &  PartnerTypes = Learning Partner &  CountryCode = SE ,"How to address ""all except one single country""? ",,
smartportal_RULE_PROFILE_UNAFFILIATED, RULE_PROFILE_UNAFFILIATED, smartportal_PROFILE_UNAFFILIATED, PROFILE_UNAFFILIATED, SiteIdentifier = smartportal &  PartnerTypes = Learning Partner ,Why are learning partners so important?,,
smartportal_RULE_TEST_CONTRACT_2ND_TIER, RULE_TEST_CONTRACT_2ND_TIER, smartportal_TEST_CONTRACT_2ND_TIER, TEST_CONTRACT_2ND_TIER, IsPartnerAdmin = T &  PartnerProId = 1-1GD-436 &  PartnerProId = 1-2N4-1737 ,,,
smartportal_RULE_PTNR_EDUCATION_SETUP_REQUIRED_EMEA, RULE_PTNR_EDUCATION_SETUP_REQUIRED_EMEA, smartportal_PTNR_EDUCATION_SETUP_REQUIRED_EMEA, PTNR_EDUCATION_SETUP_REQUIRED_EMEA, UserRights = PARTNER_EDUCATION_ACCESS_GRANTED &  UserRights = PARTNER_EDUCATION_ACCESS_REQUESTED &  UserRights = PARTNER_EDUCATION_TC_RENEWAL_REQUIRED ,User Rights,,
smartportal_RULE_PTNR_EDUCATION_SETUP_IN_PROCESS_EMEA, RULE_PTNR_EDUCATION_SETUP_IN_PROCESS_EMEA, smartportal_PTNR_EDUCATION_SETUP_IN_PROCESS_EMEA, PTNR_EDUCATION_SETUP_IN_PROCESS_EMEA, UserRights = PARTNER_EDUCATION_ACCESS_REQUESTED &  UserRights = PARTNER_EDUCATION_TC_RENEWAL_REQUIRED &  UserRights = PARTNER_EDUCATION_ACCESS_GRANTED ,User Rights,,
smartportal_RULE_PTNR_EDUCATION_ACCESS_ENABLED_EMEA, RULE_PTNR_EDUCATION_ACCESS_ENABLED_EMEA, smartportal_PTNR_EDUCATION_ACCESS_ENABLED_EMEA, PTNR_EDUCATION_ACCESS_ENABLED_EMEA, UserRights = PARTNER_EDUCATION_ACCESS_GRANTED &  UserRights = PARTNER_EDUCATION_TC_RENEWAL_REQUIRED ,User Rights,,
smartportal_RULE_PROFILE_NANCY, RULE_PROFILE_NANCY, smartportal_PROFILE_NANCY, PROFILE_NANCY, SiteIdentifier = smartportal &  PartnerTypes = Learning Partner ,Learning Partner,,
smartportal_RULE_PART_EDUC_NOT_LEARNING_PARTNER_EMEA, RULE_PART_EDUC_NOT_LEARNING_PARTNER_EMEA, smartportal_PART_EDUC_NOT_LEARNING_PARTNER_EMEA, PART_EDUC_NOT_LEARNING_PARTNER_EMEA, PartnerTypes = Learning Partner ,Learning Partner,,
smartportal_RULE_PROFILE_TOP_VALUE_REPLENISHMENT, RULE_PROFILE_TOP_VALUE_REPLENISHMENT, smartportal_PROFILE_TOP_VALUE_REPLENISHMENT, PROFILE_TOP_VALUE_REPLENISHMENT, PartnerSubTypes = LSP &  CountryCode = AD &  CountryCode = AT &  CountryCode = BE &  CountryCode = DK &  CountryCode = EE &  CountryCode = FI &  CountryCode = FR &  CountryCode = DE &  CountryCode = GL &  CountryCode = IS &  CountryCode = IE &  CountryCode = IT &  CountryCode = LV &  CountryCode = LI &  CountryCode = LT &  CountryCode = LU &  CountryCode = NL &  CountryCode = NO &  CountryCode = PT &  CountryCode = SM &  CountryCode = ES &  CountryCode = SE &  CountryCode = CH &  CountryCode = FO &  CountryCode = GB ,Special program code; need further discussion,,
smartportal_RULE_PROFILE_IPG_RESELLER_CHANNEL_PROGRAMS_HEADER, RULE_PROFILE_IPG_RESELLER_CHANNEL_PROGRAMS_HEADER, smartportal_PROFILE_IPG_RESELLER_CHANNEL_PROGRAMS_HEADER, PROFILE_IPG_RESELLER_CHANNEL_PROGRAMS_HEADER, Programs = EU-zz49-m213 &  Programs = EU-01pp-Q826 &  Programs = EU-OPS-INC &  Accreditations = EU-PPP-INC15 ,Special program code; need further discussion,,
smartportal_RULE_GENERIC_ALLUSERS_EXCEPT_FINLAND, RULE_GENERIC_ALLUSERS_EXCEPT_FINLAND, smartportal_GENERIC_ALLUSERS_EXCEPT_FINLAND, GENERIC_ALLUSERS_EXCEPT_FINLAND, CountryCode = FI ,N/A; only for contents in special Repository,,
smartportal_RULE_PROFILE_PCOMM_TEST, RULE_PROFILE_PCOMM_TEST, smartportal_PROFILE_PCOMM_TEST, PROFILE_PCOMM_TEST, Tier = 1 &  Programs = EU-PPP-SP01 &  AgreementTypes = PATSY-SR &  AgreementTypes = PATSY-LB &  AgreementTypes = PATSY-CB &  AgreementTypes = PATSY-CS &  AgreementTypes = PATSY-SB &  AgreementTypes = PATSY-VR &  AgreementTypes = PATSY-TO &  AgreementTypes = PATSY-T2 &  AgreementTypes = PATSY-V2 &  Programs = EU-01pp-Q803 &  IsPartnerAdmin = T &  UserRights = LOCAL_SECURITY_OPG ,Test,,
smartportal_RULE_PROFILE_SMARTQUOTE_TEST, RULE_PROFILE_SMARTQUOTE_TEST, smartportal_PROFILE_SMARTQUOTE_TEST, PROFILE_SMARTQUOTE_TEST, Programs = EU-01pp-O926 &  Programs = EU-PPP-SP01 &  AgreementTypes = PATSY-SR &  AgreementTypes = PATSY-SB &  AgreementTypes = PATSY-VR &  AgreementTypes = PATSY-V2 &  Programs = EU-01pp-Q803 &  Programs = EU-01pp-O925 &  IsPartnerAdmin = T &  UserRights = LOCAL_SECURITY_SmartQuote ,Test,,
smartportal_RULE_PROFILE_TROUBLESHOOT_ORDER_STATUS, RULE_PROFILE_TROUBLESHOOT_ORDER_STATUS, smartportal_PROFILE_TROUBLESHOOT_ORDER_STATUS, PROFILE_TROUBLESHOOT_ORDER_STATUS, Tier = 1 &  IsPartnerAdmin = T &  UserRights = LOCAL_SECURITY_OrderStatus ,Test,,
smartportal_RULE_PROFILE_PRERELEASE_SMART_PORTAL, RULE_PROFILE_PRERELEASE_SMART_PORTAL, smartportal_PROFILE_PRERELEASE_SMART_PORTAL, PROFILE_PRERELEASE_SMART_PORTAL, PartnerProId = 1-B7I2DP &  Email = Erik@nyjec.com &  Email = SmartPortal_PreRelease@nyjec.com ,Test,,
smartportal_RULE_PROFILE_PUBLISHER_REFERENCE_SMART_PORTAL, RULE_PROFILE_PUBLISHER_REFERENCE_SMART_PORTAL, smartportal_PROFILE_PUBLISHER_REFERENCE_SMART_PORTAL, PROFILE_PUBLISHER_REFERENCE_SMART_PORTAL, PartnerProId = 1-B7I2DP &  Email = spam@nyjec.com &  Email = SmartPortal_PublisherReference@nyjec.com ,Test,,
smartportal_RULE_IDEAS_COMPETITIVE_PROFILES, RULE_IDEAS_COMPETITIVE_PROFILES, smartportal_IDEAS_COMPETITIVE_PROFILES, IDEAS_COMPETITIVE_PROFILES, Accreditations = EU-01pp-Q562 &  Accreditations = EU-01pp-Q561 &  Accreditations = EU-01pp-Q563 &  Accreditations = EU-01pp-Q558 &  Accreditations = EU-01pp-Q574 &  Programs = EU-zz28-m104 &  Programs = EU-01pp-N098 &  Programs = EU-01pp-N099 ,,,
smartportal_RULE_CREATIVE_EXPRESS, RULE_CREATIVE_EXPRESS, smartportal_CREATIVE_EXPRESS, CREATIVE_EXPRESS, Programs = EU-01pp-O233 &  Tier = 1 ,,,
smartportal_RULE_PROFILE_TEST_GLOBAL_PCOMM, RULE_PROFILE_TEST_GLOBAL_PCOMM, smartportal_PROFILE_TEST_GLOBAL_PCOMM, PROFILE_TEST_GLOBAL_PCOMM, Programs = G_PC_pComm &  IsPartnerAdmin = T &  UserRights = G_pComm_User ,Test,,
smartportal_RULE_PROFILE_TEST_GLOBAL_SQ, RULE_PROFILE_TEST_GLOBAL_SQ, smartportal_PROFILE_TEST_GLOBAL_SQ, PROFILE_TEST_GLOBAL_SQ, Programs = G_PC_SQ &  IsPartnerAdmin = T &  UserRights = G_SmartQuote_User ,TESt,,
smartportal_RULE_PROFILE_ESSN_LIVE_CHAT_EN, RULE_PROFILE_ESSN_LIVE_CHAT_EN, smartportal_PROFILE_ESSN_LIVE_CHAT_EN, PROFILE_ESSN_LIVE_CHAT_EN, PortalPreferredLanguageCode = EN &  PortalPreferredLanguageCode = en-GB &  SiebelPreferredLanguageCode = ENEN &  SiebelPreferredLanguageCode = EN &  PortalPreferredLanguageCode = DE &  PortalPreferredLanguageCode = FR &  PortalPreferredLanguageCode = ES &  PortalPreferredLanguageCode = IT &  PortalPreferredLanguageCode = RU &  PortalPreferredLanguageCode = PL &  PortalPreferredLanguageCode = CZ &  SiebelPreferredLanguageCode = DE &  SiebelPreferredLanguageCode = FR &  SiebelPreferredLanguageCode = ES &  SiebelPreferredLanguageCode = IT &  SiebelPreferredLanguageCode = RU &  SiebelPreferredLanguageCode = PL &  SiebelPreferredLanguageCode = CZ ,How to deal with lauguage audiencing? ,,
smartportal_RULE_PROFILE_ESSN_LIVE_CHAT_DE, RULE_PROFILE_ESSN_LIVE_CHAT_DE, smartportal_PROFILE_ESSN_LIVE_CHAT_DE, PROFILE_ESSN_LIVE_CHAT_DE, PortalPreferredLanguageCode = DE &  SiebelPreferredLanguageCode = DE ,How to deal with lauguage audiencing? ,,
smartportal_RULE_PROFILE_ESSN_LIVE_CHAT_FR, RULE_PROFILE_ESSN_LIVE_CHAT_FR, smartportal_PROFILE_ESSN_LIVE_CHAT_FR, PROFILE_ESSN_LIVE_CHAT_FR, PortalPreferredLanguageCode = FR &  SiebelPreferredLanguageCode = FR ,How to deal with lauguage audiencing? ,,
smartportal_RULE_PROFILE_ESSN_LIVE_CHAT_ES, RULE_PROFILE_ESSN_LIVE_CHAT_ES, smartportal_PROFILE_ESSN_LIVE_CHAT_ES, PROFILE_ESSN_LIVE_CHAT_ES, PortalPreferredLanguageCode = ES &  SiebelPreferredLanguageCode = ES ,How to deal with lauguage audiencing? ,,
smartportal_RULE_PROFILE_ESSN_LIVE_CHAT_IT, RULE_PROFILE_ESSN_LIVE_CHAT_IT, smartportal_PROFILE_ESSN_LIVE_CHAT_IT, PROFILE_ESSN_LIVE_CHAT_IT, PortalPreferredLanguageCode = IT &  SiebelPreferredLanguageCode = IT ,How to deal with lauguage audiencing? ,,
smartportal_RULE_PROFILE_ESSN_LIVE_CHAT_RU, RULE_PROFILE_ESSN_LIVE_CHAT_RU, smartportal_PROFILE_ESSN_LIVE_CHAT_RU, PROFILE_ESSN_LIVE_CHAT_RU, PortalPreferredLanguageCode = RU &  SiebelPreferredLanguageCode = RU ,How to deal with lauguage audiencing? ,,
smartportal_RULE_PROFILE_ESSN_LIVE_CHAT_PL, RULE_PROFILE_ESSN_LIVE_CHAT_PL, smartportal_PROFILE_ESSN_LIVE_CHAT_PL, PROFILE_ESSN_LIVE_CHAT_PL, PortalPreferredLanguageCode = PL &  SiebelPreferredLanguageCode = PL ,How to deal with lauguage audiencing? ,,
smartportal_RULE_PROFILE_ESSN_LIVE_CHAT_CZ, RULE_PROFILE_ESSN_LIVE_CHAT_CZ, smartportal_PROFILE_ESSN_LIVE_CHAT_CZ, PROFILE_ESSN_LIVE_CHAT_CZ, PortalPreferredLanguageCode = CZ &  SiebelPreferredLanguageCode = CZ ,How to deal with lauguage audiencing? ,,
smartportal_RULE_PROFILE_DE_USERS, RULE_PROFILE_DE_USERS, smartportal_PROFILE_DE_USERS, PROFILE_DE_USERS, SiteIdentifier = smartportal &  PartnerTypes = Learning Partner &  CountryCode = DE ,,,
smartportal_RULE_SBSO_DUMMY, RULE_SBSO_DUMMY, smartportal_SBSO_DUMMY, SBSO_DUMMY, Programs = EU-DI-PSG-SBSO-VERIFIED &  Campaigns = 1-778027166 &  Programs = EU-01pp-O142 &  Programs = EU-01pp-O233 &  Programs = EU-01pp-O141 &  Programs = EU-01pp-O604 &  PrimaryChannelSegment = DIS &  CountryCode = GB &  CountryCode = IE &  CountryCode = SE &  CountryCode = FR &  CountryCode = DE &  CountryCode = IT &  CountryCode = AT &  CountryCode = BE &  CountryCode = DK &  CountryCode = FI &  CountryCode = CH &  CountryCode = IL &  CountryCode = SK &  CountryCode = CZ &  CountryCode = UA &  CountryCode = ZA &  CountryCode = RU &  CountryCode = PL &  CountryCode = HU &  CountryCode = LU &  CountryCode = AD &  CountryCode = ES &  CountryCode = TR ,,,
smartportal_RULE_SBSO_ONLY, RULE_SBSO_ONLY, smartportal_SBSO_ONLY, SBSO_ONLY, Programs = EU-DI-PSG-SBSO-VERIFIED &  Campaigns = 1-778027166 &  CountryCode = GB &  CountryCode = IE &  CountryCode = SE &  CountryCode = FR &  CountryCode = DE &  CountryCode = IT &  CountryCode = AT &  CountryCode = BE &  CountryCode = DK &  CountryCode = FI &  CountryCode = CH &  CountryCode = IL &  CountryCode = SK &  CountryCode = CZ &  CountryCode = UA &  CountryCode = ZA &  CountryCode = RU &  CountryCode = PL &  CountryCode = HU &  CountryCode = LU &  CountryCode = AD &  CountryCode = ES &  CountryCode = TR ,,,
smartportal_RULE_SBSO_ACCELERATE, RULE_SBSO_ACCELERATE, smartportal_SBSO_ACCELERATE, SBSO_ACCELERATE, CountryCode = GB &  CountryCode = IE &  Programs = EU-01pp-O997 &  PrimaryChannelSegment = DIS &  PartnerSubTypes = LSP &  Programs = EU-01pp-P318 ,Special program code; need further discussion,,
smartportal_RULE_SBSO_CLUBPROFESIONAL, RULE_SBSO_CLUBPROFESIONAL, smartportal_SBSO_CLUBPROFESIONAL, SBSO_CLUBPROFESIONAL, Programs = EU-01pp-O997 &  PrimaryChannelSegment = DIS &  PartnerSubTypes = LSP &  Programs = EU-01pp-P318 ,Special program code; need further discussion,,
smartportal_RULE_SBSO_VERTICALMAIL, RULE_SBSO_VERTICALMAIL, smartportal_SBSO_VERTICALMAIL, SBSO_VERTICALMAIL, Programs = EU-01pp-O997 &  PrimaryChannelSegment = DIS &  PartnerSubTypes = LSP &  Programs = EU-01pp-P318 ,Special program code; need further discussion,,
smartportal_RULE_SBSO_LOYALITY, RULE_SBSO_LOYALITY, smartportal_SBSO_LOYALITY, SBSO_LOYALITY, CountryCode = DE &  CountryCode = FI &  CountryCode = AT &  CountryCode = BE &  CountryCode = LU &  CountryCode = ES &  CountryCode = FR &  CountryCode = ZA &  CountryCode = HU &  CountryCode = SK &  CountryCode = CZ &  CountryCode = UA &  Programs = EU-01pp-O997 &  PrimaryChannelSegment = DIS &  PartnerSubTypes = LSP &  Programs = EU-01pp-P318 ,Special program code; need further discussion,,
smartportal_RULE_SBSO_LOYALITY_ACCESS, RULE_SBSO_LOYALITY_ACCESS, smartportal_SBSO_LOYALITY_ACCESS, SBSO_LOYALITY_ACCESS, CountryCode = DE &  CountryCode = FI &  CountryCode = AT &  CountryCode = BE &  CountryCode = LU &  CountryCode = ES &  CountryCode = FR &  CountryCode = ZA &  CountryCode = HU &  CountryCode = SK &  CountryCode = CZ &  CountryCode = UA &  Programs = EU-01pp-O997 &  PrimaryChannelSegment = DIS ,Special program code; need further discussion,,
smartportal_RULE_SBSO_ACCELERATE_PORTAL, RULE_SBSO_ACCELERATE_PORTAL, smartportal_SBSO_ACCELERATE_PORTAL, SBSO_ACCELERATE_PORTAL, CountryCode = GB &  CountryCode = IE &  Programs = EU-01pp-O997 ,Special program code; need further discussion,,
smartportal_RULE_SBSO_PROD_WIZ, RULE_SBSO_PROD_WIZ, smartportal_SBSO_PROD_WIZ, SBSO_PROD_WIZ, CountryCode = BE ,N/A; only for contents in special Repository,,
smartportal_RULE_SBSO_TAG, RULE_SBSO_TAG, smartportal_SBSO_TAG, SBSO_TAG, CountryCode = BE &  PartnerSubTypes = LSP &  Programs = EU-01pp-P318 ,Special program code; need further discussion,,
smartportal_RULE_PROFILE_SCE, RULE_PROFILE_SCE, smartportal_PROFILE_SCE, PROFILE_SCE, CountryCode = DE &  CountryCode = NL &  Email = gabriela.califaru@hp.com ,,,
smartportal_RULE_PROFILE_PLIT, RULE_PROFILE_PLIT, smartportal_PROFILE_PLIT, PROFILE_PLIT, CountryCode = PL &  CountryCode = IT ,N/A; only for contents in special Repository,,
smartportal_RULE_PROFILE_NOPLIT, RULE_PROFILE_NOPLIT, smartportal_PROFILE_NOPLIT, PROFILE_NOPLIT, CountryCode = PL &  CountryCode = IT ,N/A; only for contents in special Repository,,
smartportal_RULE_G_HP_PartnerONE_Leads_Program_EMEA, RULE_G_HP_PartnerONE_Leads_Program_EMEA, smartportal_G_HP_PartnerONE_Leads_Program_EMEA, G_HP_PartnerONE_Leads_Program_EMEA, Programs = G_SPT_PCLM_Prospect &  Programs = G_SPT_PCLM_Enrolled ,Special program code; need further discussion,,
smartportal_RULE_G_HP_P1_Leads_Program_Enrolled_EMEA, RULE_G_HP_P1_Leads_Program_Enrolled_EMEA, smartportal_G_HP_P1_Leads_Program_Enrolled_EMEA, G_HP_P1_Leads_Program_Enrolled_EMEA, Programs = G_SPT_PCLM_Enrolled &  Programs = G_SPT_PCLM_Prospect ,Special program code; need further discussion,,
smartportal_RULE_G_HP_P1_My_Leads_EMEA, RULE_G_HP_P1_My_Leads_EMEA, smartportal_G_HP_P1_My_Leads_EMEA, G_HP_P1_My_Leads_EMEA, Programs = G_SPT_PCLM_Enrolled &  UserRights = G_SPT_My_HP_Leads_and_Opportunities_Tool_User &  UserRights = G_SPT_My_HP_Leads_and_Opportunities_Tool_Admin ,Special program code; need further discussion,,
smartportal_RULE_HP_PARTNER_PROGRAM_ONLY, RULE_HP_PARTNER_PROGRAM_ONLY, smartportal_HP_PARTNER_PROGRAM_ONLY, HP_PARTNER_PROGRAM_ONLY, Programs = EU-DI-PSG-SBSO-VERIFIED &  Campaigns = 1-778027166 &  PrimaryChannelSegment = DIS &  Programs = SPEC_P1_CAN ,Special program code; need further discussion,,
smartportal_RULE_HP_PARTNER_AND_PARTNERONE, RULE_HP_PARTNER_AND_PARTNERONE, smartportal_HP_PARTNER_AND_PARTNERONE, HP_PARTNER_AND_PARTNERONE, Programs = EU-DI-PSG-SBSO-VERIFIED &  Campaigns = 1-778027166 ,Special program code; need further discussion,,
smartportal_RULE_HP_PARTNER_MARKETING_ZONE_ACCESS, RULE_HP_PARTNER_MARKETING_ZONE_ACCESS, smartportal_HP_PARTNER_MARKETING_ZONE_ACCESS, HP_PARTNER_MARKETING_ZONE_ACCESS, CountryCode = BE &  CountryCode = NL &  PrimaryChannelSegment = DIS &  PartnerSubTypes = LSP &  Programs = EU-01pp-P318 ,Special program code; need further discussion,,
smartportal_RULE_HP_PARTNER_SALES_WIZARD_ACCESS, RULE_HP_PARTNER_SALES_WIZARD_ACCESS, smartportal_HP_PARTNER_SALES_WIZARD_ACCESS, HP_PARTNER_SALES_WIZARD_ACCESS, CountryCode = BE ,N/A; only for contents in special Repository,,
smartportal_RULE_HP_PARTNER_LOYALITY_PROGRAM_EMEA, RULE_HP_PARTNER_LOYALITY_PROGRAM_EMEA, smartportal_HP_PARTNER_LOYALITY_PROGRAM_EMEA, HP_PARTNER_LOYALITY_PROGRAM_EMEA, CountryCode = FI &  CountryCode = AT &  CountryCode = BE &  CountryCode = LU &  CountryCode = ES &  CountryCode = ZA &  CountryCode = HU &  CountryCode = SK &  CountryCode = CZ &  CountryCode = UA &  CountryCode = SE &  CountryCode = RU &  CountryCode = NL &  CountryCode = LT &  CountryCode = RO &  CountryCode = PL &  CountryCode = PT &  CountryCode = PT &  CountryCode = NO &  CountryCode = DK &  CountryCode = SE &  Programs = EU-01pp-O997 &  PrimaryChannelSegment = DIS &  PartnerSubTypes = LSP &  Programs = EU-01pp-P318 ,Special program code; need further discussion,,
smartportal_RULE_HP_PARTNER_LOYALITY_PROGRAM_UK, RULE_HP_PARTNER_LOYALITY_PROGRAM_UK, smartportal_HP_PARTNER_LOYALITY_PROGRAM_UK, HP_PARTNER_LOYALITY_PROGRAM_UK, CountryCode = GB &  CountryCode = IE &  Programs = EU-01pp-O997 &  PrimaryChannelSegment = DIS &  PartnerSubTypes = LSP &  Programs = EU-01pp-P318 ,Special program code; need further discussion,,
smartportal_RULE_HP_PARTNER_LOYALITY_PROGRAM_FR, RULE_HP_PARTNER_LOYALITY_PROGRAM_FR, smartportal_HP_PARTNER_LOYALITY_PROGRAM_FR, HP_PARTNER_LOYALITY_PROGRAM_FR, CountryCode = FR &  CountryCode = DE &  Programs = EU-01pp-O997 &  PrimaryChannelSegment = DIS &  PartnerSubTypes = LSP &  Programs = EU-01pp-P318 ,Special program code; need further discussion,,
smartportal_RULE_HP_PARTNER_LOYALITY_PROGRAM_ES, RULE_HP_PARTNER_LOYALITY_PROGRAM_ES, smartportal_HP_PARTNER_LOYALITY_PROGRAM_ES, HP_PARTNER_LOYALITY_PROGRAM_ES, Programs = EU-01pp-O997 &  PrimaryChannelSegment = DIS &  PartnerSubTypes = LSP &  Programs = EU-01pp-P318 ,Special program code; need further discussion,,
smartportal_RULE_EMEA_PORTAL_TESTING_IE, RULE_EMEA_PORTAL_TESTING_IE, smartportal_EMEA_PORTAL_TESTING_IE, EMEA_PORTAL_TESTING_IE, CountryCode = IE &  CountryCode = GB ,N/A; only for contents in special Repository,,
smartportal_RULE_HP_PARTNER_AND_PARTNERONE_IPG, RULE_HP_PARTNER_AND_PARTNERONE_IPG, smartportal_HP_PARTNER_AND_PARTNERONE_IPG, HP_PARTNER_AND_PARTNERONE_IPG, CountryCode = ES &  CountryCode = DE &  CountryCode = IT &  CountryCode = IL &  CountryCode = CH &  CountryCode = BE &  CountryCode = SE &  CountryCode = PL &  CountryCode = CZ &  CountryCode = SK &  CountryCode = AT &  CountryCode = NL &  CountryCode = TR &  CountryCode = HU &  CountryCode = FI &  CountryCode = UA &  CountryCode = FR &  CountryCode = GB &  CountryCode = IE &  CountryCode = RU &  CountryCode = PT &  CountryCode = PL &  CountryCode = ZA &  CountryCode = AT &  CountryCode = DK &  CountryCode = NG &  CountryCode = GH &  CountryCode = FI &  CountryCode = LT ,N/A; only for contents in special Repository,,
smartportal_RULE_HPFS_Portal_EMEA, RULE_HPFS_Portal_EMEA, smartportal_HPFS_Portal_EMEA, HPFS_Portal_EMEA, UserRights = G_HPFS_Portal_Access &  CountryCode = GB ,User Rights,,
smartportal_RULE_EMEA_PORTAL_UK, RULE_EMEA_PORTAL_UK, smartportal_EMEA_PORTAL_UK, EMEA_PORTAL_UK, CountryCode = DE ,N/A; only for contents in special Repository,,
smartportal_RULE_HP_PARTNER_AND_PARTNERONE_NOT_NL, RULE_HP_PARTNER_AND_PARTNERONE_NOT_NL, smartportal_HP_PARTNER_AND_PARTNERONE_NOT_NL, HP_PARTNER_AND_PARTNERONE_NOT_NL, CountryCode = NL ,N/A; only for contents in special Repository,,
smartportal_RULE_HP_PARTNER_AND_PARTNERONE_NOT_DE_USERS, RULE_HP_PARTNER_AND_PARTNERONE_NOT_DE_USERS, smartportal_HP_PARTNER_AND_PARTNERONE_NOT_DE_USERS, HP_PARTNER_AND_PARTNERONE_NOT_DE_USERS, CountryCode = DE ,N/A; only for contents in special Repository,,
smartportal_RULE_HARD_BOUNCE_USERS, RULE_HARD_BOUNCE_USERS, smartportal_HARD_BOUNCE_USERS, HARD_BOUNCE_USERS, Campaigns = 1-893406011 &  CountryCode = GB &  CountryCode = DE &  CountryCode = IT &  CountryCode = FR &  CountryCode = ES ,N/A; only for contents in special Repository,,
smartportal_RULE_G_HP_New_P1_Leads_Program_Prospect_EMEA, RULE_G_HP_New_P1_Leads_Program_Prospect_EMEA, smartportal_G_HP_New_P1_Leads_Program_Prospect_EMEA, G_HP_New_P1_Leads_Program_Prospect_EMEA, Programs = G_SPT_PCLM_Prospect &  UserRights = G_SPT_My_HP_Leads_and_Opportunities_Tool_Prospect &  Programs = G_SPT_PCLM_Enrolled ,Special program code; need further discussion,,
smartportal_RULE_G_HP_New_P1_Leads_Program_Enrolled_NonPPA_EMEA, RULE_G_HP_New_P1_Leads_Program_Enrolled_NonPPA_EMEA, smartportal_G_HP_New_P1_Leads_Program_Enrolled_NonPPA_EMEA, G_HP_New_P1_Leads_Program_Enrolled_NonPPA_EMEA, Programs = G_SPT_PCLM_Enrolled &  ResponsibilityNames = HP Partner Portal Admin - EMEA &  UserRights = G_SPT_My_HP_Leads_and_Opportunities_Tool_User &  UserRights = G_SPT_My_HP_Leads_and_Opportunities_Tool_Admin &  UserRights = G_SPT_My_HP_Leads_and_Opportunities_Tool_User_Training &  UserRights = G_SPT_My_HP_Leads_and_Opportunities_Tool_Admin_Training ,Special program code; need further discussion,,
smartportal_RULE_G_HP_New_P1_Leads_Program_Enrolled_Assign_PPA_EMEA, RULE_G_HP_New_P1_Leads_Program_Enrolled_Assign_PPA_EMEA, smartportal_G_HP_New_P1_Leads_Program_Enrolled_Assign_PPA_EMEA, G_HP_New_P1_Leads_Program_Enrolled_Assign_PPA_EMEA, Programs = G_SPT_PCLM_Enrolled &  ResponsibilityNames = HP Partner Portal Admin - EMEA &  UserRights = G_SPT_My_HP_Leads_and_Opportunities_Tool_User &  UserRights = G_SPT_My_HP_Leads_and_Opportunities_Tool_Admin &  UserRights = G_SPT_My_HP_Leads_and_Opportunies_Tool_Location_Admin &  UserRights = G_SPT_My_HP_Leads_and_Opportunities_Tool_User_Training &  UserRights = G_SPT_My_HP_Leads_and_Opportunities_Tool_Admin_Training ,Special program code; need further discussion,,
smartportal_RULE_G_HP_New_P1_Leads_Program_Enrolled_Training_NonPPA_EMEA, RULE_G_HP_New_P1_Leads_Program_Enrolled_Training_NonPPA_EMEA, smartportal_G_HP_New_P1_Leads_Program_Enrolled_Training_NonPPA_EMEA, G_HP_New_P1_Leads_Program_Enrolled_Training_NonPPA_EMEA, Programs = G_SPT_PCLM_Enrolled &  UserRights = G_SPT_My_HP_Leads_and_Opportunities_Tool_User &  UserRights = G_SPT_My_HP_Leads_and_Opportunities_Tool_User_Training &  ResponsibilityNames = HP Partner Portal Admin - EMEA ,Special program code; need further discussion,,
smartportal_RULE_G_HP_New_P1_Leads_Program_Enrolled_Training_PPA_EMEA, RULE_G_HP_New_P1_Leads_Program_Enrolled_Training_PPA_EMEA, smartportal_G_HP_New_P1_Leads_Program_Enrolled_Training_PPA_EMEA, G_HP_New_P1_Leads_Program_Enrolled_Training_PPA_EMEA, Programs = G_SPT_PCLM_Enrolled &  ResponsibilityNames = HP Partner Portal Admin - EMEA &  UserRights = G_SPT_My_HP_Leads_and_Opportunities_Tool_User &  UserRights = G_SPT_My_HP_Leads_and_Opportunities_Tool_User_Training ,Special program code; need further discussion,,
smartportal_RULE_G_HP_New_P1_My_Leads_Access_PPA_EMEA, RULE_G_HP_New_P1_My_Leads_Access_PPA_EMEA, smartportal_G_HP_New_P1_My_Leads_Access_PPA_EMEA, G_HP_New_P1_My_Leads_Access_PPA_EMEA, Programs = G_SPT_PCLM_Enrolled &  ResponsibilityNames = HP Partner Portal Admin - EMEA &  UserRights = G_SPT_My_HP_Leads_and_Opportunities_Tool_User &  UserRights = G_SPT_My_HP_Leads_and_Opportunities_Tool_User_Training &  UserRights = G_SPT_My_HP_Leads_and_Opportunities_Tool_Admin ,Special program code; need further discussion,,
smartportal_RULE_G_HP_New_P1_My_Leads_Access_NonPPA_EMEA, RULE_G_HP_New_P1_My_Leads_Access_NonPPA_EMEA, smartportal_G_HP_New_P1_My_Leads_Access_NonPPA_EMEA, G_HP_New_P1_My_Leads_Access_NonPPA_EMEA, Programs = G_SPT_PCLM_Enrolled &  UserRights = G_SPT_My_HP_Leads_and_Opportunities_Tool_User &  UserRights = G_SPT_My_HP_Leads_and_Opportunities_Tool_User_Training &  ResponsibilityNames = HP Partner Portal Admin - EMEA &  UserRights = G_SPT_My_HP_Leads_and_Opportunities_Tool_Admin ,Special program code; need further discussion,,
smartportal_RULE_G_HP_New_P1_Leads_Complete_Admin_Training_NonPPA_EMEA, RULE_G_HP_New_P1_Leads_Complete_Admin_Training_NonPPA_EMEA, smartportal_G_HP_New_P1_Leads_Complete_Admin_Training_NonPPA_EMEA, G_HP_New_P1_Leads_Complete_Admin_Training_NonPPA_EMEA, Programs = G_SPT_PCLM_Enrolled &  UserRights = G_SPT_My_HP_Leads_and_Opportunities_Tool_Admin &  UserRights = G_SPT_My_HP_Leads_and_Opportunities_Tool_User &  UserRights = G_SPT_My_HP_Leads_and_Opportunities_Tool_User_Training &  ResponsibilityNames = HP Partner Portal Admin - EMEA &  UserRights = G_SPT_My_HP_Leads_and_Opportunities_Tool_Admin_Training ,Special program code; need further discussion,,
smartportal_RULE_G_HP_New_P1_Leads_Complete_Admin_Training_PPA_EMEA, RULE_G_HP_New_P1_Leads_Complete_Admin_Training_PPA_EMEA, smartportal_G_HP_New_P1_Leads_Complete_Admin_Training_PPA_EMEA, G_HP_New_P1_Leads_Complete_Admin_Training_PPA_EMEA, Programs = G_SPT_PCLM_Enrolled &  ResponsibilityNames = HP Partner Portal Admin - EMEA &  UserRights = G_SPT_My_HP_Leads_and_Opportunities_Tool_Admin &  UserRights = G_SPT_My_HP_Leads_and_Opportunities_Tool_User &  UserRights = G_SPT_My_HP_Leads_and_Opportunities_Tool_User_Training &  UserRights = G_SPT_My_HP_Leads_and_Opportunities_Tool_Admin_Training ,Special program code; need further discussion,,
smartportal_RULE_G_HP_New_P1_My_Leads_Access_Comp_Admin_NonPPA_EMEA, RULE_G_HP_New_P1_My_Leads_Access_Comp_Admin_NonPPA_EMEA, smartportal_G_HP_New_P1_My_Leads_Access_Comp_Admin_NonPPA_EMEA, G_HP_New_P1_My_Leads_Access_Comp_Admin_NonPPA_EMEA, Programs = G_SPT_PCLM_Enrolled &  UserRights = G_SPT_My_HP_Leads_and_Opportunities_Tool_User &  UserRights = G_SPT_My_HP_Leads_and_Opportunities_Tool_User_Training &  UserRights = G_SPT_My_HP_Leads_and_Opportunities_Tool_Admin_Training &  UserRights = G_SPT_My_HP_Leads_and_Opportunities_Tool_Admin &  ResponsibilityNames = HP Partner Portal Admin - EMEA ,Special program code; need further discussion,,
smartportal_RULE_G_HP_New_P1_My_Leads_Access_Comp_Admin_PPA_EMEA, RULE_G_HP_New_P1_My_Leads_Access_Comp_Admin_PPA_EMEA, smartportal_G_HP_New_P1_My_Leads_Access_Comp_Admin_PPA_EMEA, G_HP_New_P1_My_Leads_Access_Comp_Admin_PPA_EMEA, Programs = G_SPT_PCLM_Enrolled &  ResponsibilityNames = HP Partner Portal Admin - EMEA &  UserRights = G_SPT_My_HP_Leads_and_Opportunities_Tool_User &  UserRights = G_SPT_My_HP_Leads_and_Opportunities_Tool_User_Training &  UserRights = G_SPT_My_HP_Leads_and_Opportunities_Tool_Admin_Training &  UserRights = G_SPT_My_HP_Leads_and_Opportunities_Tool_Admin ,Special program code; need further discussion,,
smartportal_RULE_USR_PCLM, RULE_USR_PCLM, smartportal_USR_PCLM, USR_PCLM, Programs = G_SPT_PCLM_Enrolled &  IsPartnerAdmin = T ,Special program code; need further discussion,,
smartportal_RULE_USR_DR, RULE_USR_DR, smartportal_USR_DR, USR_DR, Programs = G_SPT_Deal_Registration_Enrolled &  IsPartnerAdmin = T ,Special program code; need further discussion,,
smartportal_RULE_HP_PARTNER_INK_PAGE, RULE_HP_PARTNER_INK_PAGE, smartportal_HP_PARTNER_INK_PAGE, HP_PARTNER_INK_PAGE, CountryCode = IT &  CountryCode = DE &  CountryCode = FR &  CountryCode = ES &  CountryCode = GB &  CountryCode = IE &  CountryCode = CH &  CountryCode = BE &  CountryCode = NL &  CountryCode = RU &  CountryCode = NG &  CountryCode = GH &  CountryCode = MA &  CountryCode = ZA &  CountryCode = AT &  CountryCode = DK &  CountryCode = FI &  CountryCode = CZ &  CountryCode = SK &  CountryCode = TR &  CountryCode = PL ,N/A; only for contents in special Repository,,
smartportal_RULE_HP_PARTNER_SUPPLIES_FINDER, RULE_HP_PARTNER_SUPPLIES_FINDER, smartportal_HP_PARTNER_SUPPLIES_FINDER, HP_PARTNER_SUPPLIES_FINDER, CountryCode = IT &  CountryCode = DE &  CountryCode = FR &  CountryCode = GB &  CountryCode = IE &  CountryCode = RU &  CountryCode = ES &  CountryCode = NL ,N/A; only for contents in special Repository,,
smartportal_RULE_HP_PARTNER_MICROSOFT_PAGE, RULE_HP_PARTNER_MICROSOFT_PAGE, smartportal_HP_PARTNER_MICROSOFT_PAGE, HP_PARTNER_MICROSOFT_PAGE, CountryCode = IT &  CountryCode = DE &  CountryCode = FR &  CountryCode = ES &  CountryCode = GB &  CountryCode = IE ,N/A; only for contents in special Repository,,
smartportal_RULE_USR_JBP, RULE_USR_JBP, smartportal_USR_JBP, USR_JBP, Programs = G_SPT_Joint_Business_Planning &  IsPartnerAdmin = T ,JBP PPA,,
smartportal_RULE_G_HP_JBP_Assign_Access_PPA_EMEA, RULE_G_HP_JBP_Assign_Access_PPA_EMEA, smartportal_G_HP_JBP_Assign_Access_PPA_EMEA, G_HP_JBP_Assign_Access_PPA_EMEA, Programs = G_SPT_Joint_Business_Planning &  ResponsibilityNames = HP Partner Portal Admin - EMEA &  UserRights = G_SPT_Joint_Business_Planning_User ,JBP User Rights,,
smartportal_RULE_G_HP_JBP_Assign_User_Access_PPA_EMEA, RULE_G_HP_JBP_Assign_User_Access_PPA_EMEA, smartportal_G_HP_JBP_Assign_User_Access_PPA_EMEA, G_HP_JBP_Assign_User_Access_PPA_EMEA, Programs = G_SPT_Joint_Business_Planning &  ResponsibilityNames = HP Partner Portal Admin - EMEA &  UserRights = G_SPT_Joint_Business_Planning_User ,JBP User Rights,,
smartportal_RULE_G_HP_JBP_Access_Now_NonPPA_EMEA, RULE_G_HP_JBP_Access_Now_NonPPA_EMEA, smartportal_G_HP_JBP_Access_Now_NonPPA_EMEA, G_HP_JBP_Access_Now_NonPPA_EMEA, Programs = G_SPT_Joint_Business_Planning &  UserRights = G_SPT_Joint_Business_Planning_User &  ResponsibilityNames = HP Partner Portal Admin - EMEA ,JBP User Rights,,
smartportal_RULE_PROFILE_PLATINUM_LOGOS, RULE_PROFILE_PLATINUM_LOGOS, smartportal_PROFILE_PLATINUM_LOGOS, PROFILE_PLATINUM_LOGOS, Accreditations = G_PM_P1_PLAT &  Accreditations = G_PM_P1_GOLD &  Accreditations = G_PM_P1_SILV &  Accreditations = G_PM_P1_BUS ,Membership,,
smartportal_RULE_PROFILE_PARTNERONE_CANDIDATE, RULE_PROFILE_PARTNERONE_CANDIDATE, smartportal_PROFILE_PARTNERONE_CANDIDATE, PROFILE_PARTNERONE_CANDIDATE, Programs = P1_SPEC_CAN &  Programs = SPEC_P1_CAN &  Accreditations = G_PM_P1_PLAT &  Accreditations = G_PM_P1_GOLD &  Accreditations = G_PM_P1_SILV &  Accreditations = G_PM_P1_BUS &  Accreditations = G_PM_P1_PLAT_PAR &  Accreditations = G_PM_P1_GOLD_PAR &  Accreditations = G_PM_P1_SILV_PAR &  Accreditations = G_PM_P1_BUS_SP ,Membership - Candidates,,
smartportal_RULE_PROFILE_EG_QUESTIONNAIRE, RULE_PROFILE_EG_QUESTIONNAIRE, smartportal_PROFILE_EG_QUESTIONNAIRE, PROFILE_EG_QUESTIONNAIRE, Programs = PM_P1_BUS_SP_EG_CAN &  Programs = P1_BUS_SP_EG_QUEST ,Special program code; need further discussion,,
